epoch,loss,train_acc,test_acc
1,1.7546016005298974,38.653999999999996,40.699999999999996
2,1.6048831582984047,39.397999999999996,47.0
3,1.575757332470106,45.388,47.699999999999996
