epoch,loss,lr
1,4.979463140781109,0.0007525
2,4.676219769013234,0.00025750000000000013
3,4.536044889841325,1e-05
